Id,Name,Region,Country,Country Code
"1007543","Rhodes","Decentralized Administration of the Aegean","Greece","gr"
"20079","Republika Srpska","","Bosnia and Herzegovina","ba"
"20152","Antofagasta Region","","Chile","cl"
"20153","Araucania","","Chile","cl"
"20154","Bio Bio Region","","Chile","cl"
"20155","Coquimbo Region","","Chile","cl"
"20156","O'Higgins Region","","Chile","cl"
"20157","Los Lagos Region","","Chile","cl"
"20158","Magallanes y la Antartica Chilena Region","","Chile","cl"
"20159","Maule Region","","Chile","cl"
"20160","Santiago Metropolitan Region","","Chile","cl"
"20161","Tarapaca Region","","Chile","cl"
"20162","Valparaiso Region","","Chile","cl"
"20163","Beijing","","China","cn"
"20164","Tianjin","","China","cn"
"20165","Hebei","","China","cn"
"20166","Shanxi","","China","cn"
"20167","Inner Mongolia","","China","cn"
"20168","Liaoning","","China","cn"
"20169","Jilin","","China","cn"
"20170","Heilongjiang","","China","cn"
"20171","Shanghai","","China","cn"
"20172","Jiangsu","","China","cn"
"20173","Zhejiang","","China","cn"
"20174","Anhui","","China","cn"
"20175","Fujian","","China","cn"
"20176","Jiangxi","","China","cn"
"20177","Shandong","","China","cn"
"20178","Henan","","China","cn"
"20179","Hubei","","China","cn"
"20180","Hunan","","China","cn"
"20181","Guangdong","","China","cn"
"20182","Guangxi","","China","cn"
"20183","Hainan","","China","cn"
"20184","Chongqing","","China","cn"
"20185","Sichuan","","China","cn"
"20186","Guizhou","","China","cn"
"20187","Yunnan","","China","cn"
"20188","Tibet","","China","cn"
"20189","Shaanxi","","China","cn"
"20190","Gansu","","China","cn"
"20191","Qinghai","","China","cn"
"20192","Ningxia","","China","cn"
"20193","Xinjiang","","China","cn"
"20198","Antioquia","","Colombia","co"
"20199","Atlantico","","Colombia","co"
"20200","Bolivar","","Colombia","co"
"20201","Caldas","","Colombia","co"
"20202","Cundinamarca","","Colombia","co"
"20203","Bogota","","Colombia","co"
"20204","Huila","","Colombia","co"
"20205","Meta","","Colombia","co"
"20206","Narino","","Colombia","co"
"20207","Putumayo","","Colombia","co"
"20208","Risaralda","","Colombia","co"
"20209","Santander","","Colombia","co"
"20210","Tolima","","Colombia","co"
"20211","Valle del Cauca","","Colombia","co"
"20218","South Bohemian Region","","Czechia","cz"
"20219","South Moravian Region","","Czechia","cz"
"20243","Capital Region of Denmark","","Denmark","dk"
"20245","Region Zealand","","Denmark","dk"
"20252","Region of Southern Denmark","","Denmark","dk"
"20254","Central Denmark Region","","Denmark","dk"
"20256","North Denmark Region","","Denmark","dk"
"20311","Alsace","","France","fr"
"20313","Aquitaine","","France","fr"
"20314","Auvergne","","France","fr"
"20315","Burgundy","","France","fr"
"20316","Brittany","","France","fr"
"20317","Centre-Val de Loire","","France","fr"
"20318","Champagne-Ardenne","","France","fr"
"20319","Corsica","","France","fr"
"20320","Franche-Comte","","France","fr"
"20321","Ile-de-France","","France","fr"
"20322","Languedoc-Roussillon","","France","fr"
"20323","Limousin","","France","fr"
"20324","Lorraine","","France","fr"
"20325","Midi-Pyrenees","","France","fr"
"20326","Nord-Pas-de-Calais","","France","fr"
"20327","Lower Normandy","","France","fr"
"20328","Upper Normandy","","France","fr"
"20329","Pays de la Loire","","France","fr"
"20330","Picardy","","France","fr"
"20331","Poitou-Charentes","","France","fr"
"20332","Provence-Alpes-Cote d'Azur","","France","fr"
"20333","Rhone-Alpes","","France","fr"
"20352","Euboea","Decentralized Administration of Thessaly and Central Greece","Greece","gr"
"20353","Phthiotis","Decentralized Administration of Thessaly and Central Greece","Greece","gr"
"20357","Achaea","Decentralized Administration of Peloponnese, Western Greece and the Ionian","Greece","gr"
"20360","Laconia","Decentralized Administration of Peloponnese, Western Greece and the Ionian","Greece","gr"
"20361","Messenia","Decentralized Administration of Peloponnese, Western Greece and the Ionian","Greece","gr"
"20363","Corfu","Decentralized Administration of Peloponnese, Western Greece and the Ionian","Greece","gr"
"20365","Lefkada","Decentralized Administration of Peloponnese, Western Greece and the Ionian","Greece","gr"
"20366","Arta","Decentralized Administration of Epirus and Western Macedonia","Greece","gr"
"20368","Ioannina","Decentralized Administration of Epirus and Western Macedonia","Greece","gr"
"20369","Preveza","Decentralized Administration of Epirus and Western Macedonia","Greece","gr"
"20370","Karditsa","Decentralized Administration of Thessaly and Central Greece","Greece","gr"
"20373","Trikala","Decentralized Administration of Thessaly and Central Greece","Greece","gr"
"20375","Drama","Decentralized Administration of Macedonia and Thrace","Greece","gr"
"20376","Imathia","Decentralized Administration of Macedonia and Thrace","Greece","gr"
"20377","Thessaloniki","Decentralized Administration of Macedonia and Thrace","Greece","gr"
"20378","Kavala Prefecture","Decentralized Administration of Macedonia and Thrace","Greece","gr"
"20380","Kilkis","Decentralized Administration of Macedonia and Thrace","Greece","gr"
"20381","Kozani","Decentralized Administration of Epirus and Western Macedonia","Greece","gr"
"20384","Florina","Decentralized Administration of Epirus and Western Macedonia","Greece","gr"
"20388","Rhodope","Decentralized Administration of Macedonia and Thrace","Greece","gr"
"20391","Lesbos","Decentralized Administration of the Aegean","Greece","gr"
"20392","Samos","Decentralized Administration of the Aegean","Greece","gr"
"20397","Chania","Crete Region","Greece","gr"
"20514","South District","","Israel","il"
"20515","Haifa District","","Israel","il"
"20516","Jerusalem District","","Israel","il"
"20517","Center District","","Israel","il"
"20518","Tel Aviv District","","Israel","il"
"20519","North District","","Israel","il"
"2060","Bermuda","","Bermuda","bm"
"2074","Bouvet Island","","Bouvet Island","bv"
"20791","Auckland","","New Zealand","nz"
"20792","Bay Of Plenty","","New Zealand","nz"
"20796","Ancash","","Peru","pe"
"20797","Arequipa","","Peru","pe"
"20798","Ayacucho","","Peru","pe"
"20799","Cajamarca","","Peru","pe"
"20800","Callao Region","","Peru","pe"
"20801","Cusco","","Peru","pe"
"20802","Huanuco","","Peru","pe"
"20803","Huancavelica","","Peru","pe"
"20804","Ica","","Peru","pe"
"20805","Junin","","Peru","pe"
"20806","La Libertad","","Peru","pe"
"20807","Lambayeque","","Peru","pe"
"20808","Lima Region","","Peru","pe"
"20809","Loreto","","Peru","pe"
"20810","Moquegua","","Peru","pe"
"20811","Pasco","","Peru","pe"
"20812","Piura","","Peru","pe"
"20813","Puno","","Peru","pe"
"20814","San Martin","","Peru","pe"
"20815","Tacna","","Peru","pe"
"20816","Ucayali","","Peru","pe"
"20835","Metro Manila","","Philippines","ph"
"20847","Lower Silesian Voivodeship","","Poland","pl"
"20848","Kuyavian-Pomeranian Voivodeship","","Poland","pl"
"20849","Lubusz Voivodeship","","Poland","pl"
"20850","Lodz Voivodeship","","Poland","pl"
"20851","Lublin Voivodeship","","Poland","pl"
"20852","Lesser Poland Voivodeship","","Poland","pl"
"20853","Masovian Voivodeship","","Poland","pl"
"20854","Opole Voivodeship","","Poland","pl"
"20855","Podlaskie Voivodeship","","Poland","pl"
"20856","Podkarpackie Voivodeship","","Poland","pl"
"20857","Pomeranian Voivodeship","","Poland","pl"
"20858","Swietokrzyskie","","Poland","pl"
"20859","Silesian Voivodeship","","Poland","pl"
"2086","British Indian Ocean Territory","","British Indian Ocean Territory","io"
"20860","Warmian-Masurian Voivodeship","","Poland","pl"
"20861","Greater Poland Voivodeship","","Poland","pl"
"20862","West Pomeranian Voivodeship","","Poland","pl"
"20865","Aveiro District","","Portugal","pt"
"20866","Braga","","Portugal","pt"
"20867","Braganca District","","Portugal","pt"
"20868","Castelo Branco District","","Portugal","pt"
"20869","Coimbra District","","Portugal","pt"
"20870","Evora District","","Portugal","pt"
"20871","Faro District","","Portugal","pt"
"20872","Guarda District","","Portugal","pt"
"20873","Leiria District","","Portugal","pt"
"20874","Lisbon","","Portugal","pt"
"20875","Portalegre District","","Portugal","pt"
"20876","Porto District","","Portugal","pt"
"20877","Santarem District","","Portugal","pt"
"20878","Setubal","","Portugal","pt"
"20879","Viana do Castelo District","","Portugal","pt"
"20880","Viseu District","","Portugal","pt"
"20881","Azores","","Portugal","pt"
"20882","Madeira","","Portugal","pt"
"20914","Altai Republic","","Russia","ru"
"20915","Amur Oblast","","Russia","ru"
"20916","Arkhangelsk Oblast","","Russia","ru"
"20917","Astrakhan Oblast","","Russia","ru"
"20918","Republic of Bashkortostan","","Russia","ru"
"20919","Belgorod Oblast","","Russia","ru"
"2092","British Virgin Islands","","British Virgin Islands","vg"
"20920","Bryansk Oblast","","Russia","ru"
"20921","Buryatia","","Russia","ru"
"20922","Chelyabinsk Oblast","","Russia","ru"
"20924","Chukotka Autonomous Okrug","","Russia","ru"
"20925","Republic of Dagestan","","Russia","ru"
"20926","Irkutsk Oblast","","Russia","ru"
"20927","Ivanovo Oblast","","Russia","ru"
"20928","Kamchatka Krai","","Russia","ru"
"20929","Kabardino-Balkaria","","Russia","ru"
"20930","Karachay-Cherkessia","","Russia","ru"
"20931","Krasnodar Krai","","Russia","ru"
"20932","Kemerovo Oblast","","Russia","ru"
"20933","Kaliningrad Oblast","","Russia","ru"
"20934","Kurgan Oblast","","Russia","ru"
"20935","Khabarovsk Krai","","Russia","ru"
"20936","Khanty-Mansi Autonomous Okrug","","Russia","ru"
"20937","Kirov Oblast","","Russia","ru"
"20938","Republic of Khakassia","","Russia","ru"
"20939","Kaluga Oblast","","Russia","ru"
"20940","Komi Republic","","Russia","ru"
"20941","Kostroma Oblast","","Russia","ru"
"20942","Republic of Karelia","","Russia","ru"
"20943","Kursk Oblast","","Russia","ru"
"20944","Krasnoyarsk Krai","","Russia","ru"
"20945","Leningrad Oblast","","Russia","ru"
"20946","Lipetsk Oblast","","Russia","ru"
"20947","Magadan Oblast","","Russia","ru"
"20948","Mordovia","","Russia","ru"
"20949","Moscow Oblast","","Russia","ru"
"20950","Moscow","","Russia","ru"
"20951","Murmansk Oblast","","Russia","ru"
"20952","Novgorod Oblast","","Russia","ru"
"20953","Nizhny Novgorod Oblast","","Russia","ru"
"20954","Novosibirsk Oblast","","Russia","ru"
"20955","Omsk Oblast","","Russia","ru"
"20956","Orenburg Oblast","","Russia","ru"
"20957","Perm Krai","","Russia","ru"
"20958","Penza Oblast","","Russia","ru"
"20959","Primorsky Krai","","Russia","ru"
"20960","Pskov Oblast","","Russia","ru"
"20961","Rostov Oblast","","Russia","ru"
"20962","Ryazan Oblast","","Russia","ru"
"20963","Sakha Republic","","Russia","ru"
"20964","Sakhalin Oblast","","Russia","ru"
"20965","Samara Oblast","","Russia","ru"
"20966","Saratov Oblast","","Russia","ru"
"20967","Smolensk Oblast","","Russia","ru"
"20968","Saint Petersburg","","Russia","ru"
"20969","Stavropol Krai","","Russia","ru"
"20970","Sverdlovsk Oblast","","Russia","ru"
"20971","Tatarstan","","Russia","ru"
"20972","Tambov Oblast","","Russia","ru"
"20973","Taymyr Autonomous Okrug","","Russia","ru"
"20974","Tomsk Oblast","","Russia","ru"
"20975","Tula Oblast","","Russia","ru"
"20976","Tver Oblast","","Russia","ru"
"20977","Tyumen Oblast","","Russia","ru"
"20978","Udmurt Republic","","Russia","ru"
"20979","Ulyanovsk Oblast","","Russia","ru"
"20980","Volgograd Oblast","","Russia","ru"
"20981","Vladimir Oblast","","Russia","ru"
"20982","Vologda Oblast","","Russia","ru"
"20983","Voronezh Oblast","","Russia","ru"
"20984","Yamalo-Nenets Autonomous Okrug","","Russia","ru"
"20985","Yaroslavl Oblast","","Russia","ru"
"21109","Vinnytsia Oblast","","Ukraine","ua"
"21110","Volyn Oblast","","Ukraine","ua"
"21111","Luhansk Oblast","","Ukraine","ua"
"21112","Dnipropetrovsk Oblast","","Ukraine","ua"
"21113","Donetsk Oblast","","Ukraine","ua"
"21114","Zhytomyr Oblast","","Ukraine","ua"
"21115","Zakarpattia Oblast","","Ukraine","ua"
"21116","Zaporizhia Oblast","","Ukraine","ua"
"21117","Ivano-Frankivsk Oblast","","Ukraine","ua"
"21118","Kyiv city","","Ukraine","ua"
"21119","Kirovohrad Oblast","","Ukraine","ua"
"21121","Lviv Oblast","","Ukraine","ua"
"21122","Odessa Oblast","","Ukraine","ua"
"21123","Poltava Oblast","","Ukraine","ua"
"21124","Sumy Oblast","","Ukraine","ua"
"21125","Kharkiv Oblast","","Ukraine","ua"
"21126","Kherson Oblast","","Ukraine","ua"
"21127","Khmelnytskyi Oblast","","Ukraine","ua"
"21128","Cherkasy Oblast","","Ukraine","ua"
"21129","Chernihiv Oblast","","Ukraine","ua"
"21130","Chernivtsi Oblast","","Ukraine","ua"
"21234","Mari El Republic","","Russia","ru"
"21243","Kalmykia","","Russia","ru"
"21250","Adygea","","Russia","ru"
"21251","Ingushetia","","Russia","ru"
"21252","North Ossetia–Alania","","Russia","ru"
"21255","Beja District","","Portugal","pt"
"21256","Oryol Oblast","","Russia","ru"
"21277","Jewish Autonomous Oblast","","Russia","ru"
"21290","Magdalena","","Colombia","co"
"21292","Ternopil Oblast","","Ukraine","ua"
"21302","Canterbury","","New Zealand","nz"
"21303","Gisborne","","New Zealand","nz"
"21304","Hawke's Bay","","New Zealand","nz"
"21305","Manawatu-Wanganui","","New Zealand","nz"
"21306","Marlborough","","New Zealand","nz"
"21307","Nelson","","New Zealand","nz"
"21308","Northland","","New Zealand","nz"
"21309","Otago","","New Zealand","nz"
"21310","Southland","","New Zealand","nz"
"21311","Taranaki","","New Zealand","nz"
"21312","Tasman","","New Zealand","nz"
"21313","Waikato","","New Zealand","nz"
"21314","Wellington","","New Zealand","nz"
"21315","West Coast","","New Zealand","nz"
"21318","Seoul","","South Korea","kr"
"21319","Busan","","South Korea","kr"
"21320","Daegu","","South Korea","kr"
"21321","Incheon","","South Korea","kr"
"21322","Gwangju","","South Korea","kr"
"21323","Daejeon","","South Korea","kr"
"21324","Ulsan","","South Korea","kr"
"21325","Gyeonggi-do","","South Korea","kr"
"21326","Gangwon-do","","South Korea","kr"
"21327","Chungcheongbuk-do","","South Korea","kr"
"21328","Chungcheongnam-do","","South Korea","kr"
"21329","Jeollabuk-do","","South Korea","kr"
"21330","Jeollanam-do","","South Korea","kr"
"21331","Gyeongsangbuk-do","","South Korea","kr"
"21332","Gyeongsangnam-do","","South Korea","kr"
"21333","Jeju-do","","South Korea","kr"
"21346","Tuva","","Russia","ru"
"21347","Chechnya","","Russia","ru"
"21348","Chuvashia Republic","","Russia","ru"
"21350","Koryakskiy avtonomniy okrug","","Russia","ru"
"21351","Nenets Autonomous Okrug","","Russia","ru"
"21353","Evenkiysky District","Krasnoyarsk Krai","Russia","ru"
"2136","Cayman Islands","","Cayman Islands","ky"
"21385","Altai Krai","","Russia","ru"
"21494","Central Bohemian Region","","Czechia","cz"
"21495","Hradec Kralove Region","","Czechia","cz"
"21496","Karlovy Vary Region","","Czechia","cz"
"21497","Liberec Region","","Czechia","cz"
"21498","Moravian-Silesian Region","","Czechia","cz"
"21499","Olomouc Region","","Czechia","cz"
"21500","Pardubice Region","","Czechia","cz"
"21501","Plzen Region","","Czechia","cz"
"21502","Prague","","Czechia","cz"
"21503","Usti nad Labem Region","","Czechia","cz"
"21504","Vysocina Region","","Czechia","cz"
"21505","Zlin Region","","Czechia","cz"
"21506","Amazonas Department","","Colombia","co"
"21507","Arauca","","Colombia","co"
"21508","Boyaca","","Colombia","co"
"21509","Caqueta","","Colombia","co"
"21510","Casanare","","Colombia","co"
"21511","Cauca","","Colombia","co"
"21512","Cesar","","Colombia","co"
"21513","Choco","","Colombia","co"
"21514","Cordoba","","Colombia","co"
"21515","Guainia","","Colombia","co"
"21516","Guaviare","","Colombia","co"
"21517","La Guajira","","Colombia","co"
"21518","North Santander","","Colombia","co"
"21519","Quindio","","Colombia","co"
"21520","San Andres and Providencia","","Colombia","co"
"21521","Sucre","","Colombia","co"
"21522","Vaupes","","Colombia","co"
"21523","Vichada","","Colombia","co"
"21524","Chaouia-Ouardigha","","Morocco","ma"
"21525","Doukkala-Abda","","Morocco","ma"
"21526","Fes-Boulemane","","Morocco","ma"
"21527","Gharb-Chrarda-Beni Hssen","","Morocco","ma"
"21528","Grand Casablanca","","Morocco","ma"
"21529","Guelmim-Es Semara","","Morocco","ma"
"21530","Laayoune-Boujdour-Sakia El Hamra","","Morocco","ma"
"21531","Marrakesh-Tensift-El Haouz","","Morocco","ma"
"21532","Meknes-Tafilalet","","Morocco","ma"
"21533","Oriental","","Morocco","ma"
"21534","Rabat-Sale-Zemmour-Zaer","","Morocco","ma"
"21535","Souss-Massa-Draa","","Morocco","ma"
"21536","Tadla-Azilal","","Morocco","ma"
"21537","Tangier-Tetouan","","Morocco","ma"
"21538","Taza-Al Hoceima-Taounate","","Morocco","ma"
"2158","Taiwan","","Taiwan","tw"
"21580","Kyiv Oblast","","Ukraine","ua"
"21581","Mykolaiv Oblast","","Ukraine","ua"
"21582","Rivne Oblast","","Ukraine","ua"
"2175","Mayotte","","Mayotte","yt"
"2234","Faroe Islands","","Faroe Islands","fo"
"2238","Falkland Islands (Islas Malvinas)","","Falkland Islands (Islas Malvinas)","fk"
"2254","French Guiana","","French Guiana","gf"
"2275","Palestine","","Palestine","ps"
"2292","Gibraltar","","Gibraltar","gi"
"2304","Greenland","","Greenland","gl"
"2312","Guadeloupe","","Guadeloupe","gp"
"2344","Hong Kong","","Hong Kong","hk"
"2446","Macao","","Macao","mo"
"2474","Martinique","","Martinique","mq"
"2500","Montserrat","","Montserrat","ms"
"2530","Netherlands Antilles","","Netherlands Antilles","bq"
"2533","Aruba","","Aruba","aw"
"2630","Puerto Rico","","Puerto Rico","pr"
"2638","Reunion","","Reunion","re"
"2660","Anguilla","","Anguilla","ai"
"2732","Western Sahara","","Western Sahara","eh"
"2744","Svalbard and Jan Mayen","","Svalbard and Jan Mayen","sj"
"2796","Turks and Caicos Islands","","Turks and Caicos Islands","tc"
"2850","U.S. Virgin Islands","","U.S. Virgin Islands","vi"
"2900","Kosovo","","Kosovo","xk"
"9047102","Aysen Region","","Chile","cl"
"9047103","Arica y Parinacota Region","","Chile","cl"
"9047104","Atacama Region","","Chile","cl"
"9047105","Los Rios Region","","Chile","cl"
"9047106","Chatham Islands","","New Zealand","nz"
"9047107","Vila Real District","","Portugal","pt"
"9047109","Zabaykalsky Krai","","Russia","ru"
"9053423","Abruzzo","","Italy","it"
"9053424","Aosta","","Italy","it"
"9053425","Apulia","","Italy","it"
"9053426","Basilicata","","Italy","it"
"9053427","Calabria","","Italy","it"
"9053428","Campania","","Italy","it"
"9053429","Emilia-Romagna","","Italy","it"
"9053430","Friuli-Venezia Giulia","","Italy","it"
"9053431","Lazio","","Italy","it"
"9053432","Liguria","","Italy","it"
"9053433","Lombardy","","Italy","it"
"9053434","Marche","","Italy","it"
"9053435","Molise","","Italy","it"
"9053436","Piedmont","","Italy","it"
"9053437","Sardinia","","Italy","it"
"9053438","Sicily","","Italy","it"
"9053439","Trentino-South Tyrol","","Italy","it"
"9053440","Tuscany","","Italy","it"
"9053441","Umbria","","Italy","it"
"9053442","Veneto","","Italy","it"
"9061336","Apurimac","","Peru","pe"
"9061337","Madre de Dios","","Peru","pe"
"9061338","Amazonas","","Peru","pe"
"9061339","Tumbes","","Peru","pe"
"9061340","Calabarzon","","Philippines","ph"
"9061341","Central Luzon","","Philippines","ph"
"9061342","Western Visayas","","Philippines","ph"
"9061343","Davao Region","","Philippines","ph"
"9061344","Central Visayas","","Philippines","ph"
"9061345","Ilocos Region","","Philippines","ph"
"9061346","Northern Mindanao","","Philippines","ph"
"9061347","Region XII","","Philippines","ph"
"9061348","Cagayan Valley","","Philippines","ph"
"9061349","Bicol","","Philippines","ph"
"9061350","MIMAROPA","","Philippines","ph"
"9061351","Eastern Visayas","","Philippines","ph"
"9061352","Caraga","","Philippines","ph"
"9061353","Cordillera Administrative Region","","Philippines","ph"
"9061354","Zamboanga Peninsula","","Philippines","ph"
"9061355","Autonomous Region in Muslim Mindanao","","Philippines","ph"
"9061356","Sindh","","Pakistan","pk"
"9061357","Punjab","","Pakistan","pk"
"9061358","Khyber Pakhtunkhwa","","Pakistan","pk"
"9061359","Balochistan","","Pakistan","pk"
"9061360","Islamabad Capital Territory","","Pakistan","pk"
"9061361","Azad Jammu and Kashmir","","Pakistan","pk"
"9061362","Federally Administered Tribal Area","","Pakistan","pk"
"9061363","Gilgit-Baltistan","","Pakistan","pk"
"9061580","Western Greece","Decentralized Administration of Peloponnese, Western Greece and the Ionian","Greece","gr"
"9061581","Crete","Crete Region","Greece","gr"
"9061582","Attica","Decentralized Administration of Attica","Greece","gr"
"9061583","Thessalia","Decentralized Administration of Thessaly and Central Greece","Greece","gr"
"9061584","Central Macedonia","Decentralized Administration of Macedonia and Thrace","Greece","gr"
"9062580","Trencin Region","","Slovakia","sk"
"9062581","Banska Bystrica Region","","Slovakia","sk"
"9062582","Zilina Region","","Slovakia","sk"
"9062583","Presov Region","","Slovakia","sk"
"9062584","Kosice Region","","Slovakia","sk"
"9062585","Nitra Region","","Slovakia","sk"
"9062586","Bratislava Region","","Slovakia","sk"
"9062587","Trnava Region","","Slovakia","sk"
"9065345","Kachin","","Myanmar (Burma)","mm"
"9065346","Myawaddy","Kayin State","Myanmar (Burma)","mm"
"9065347","Magway Region","","Myanmar (Burma)","mm"
"9065348","Tanintharyi Region","","Myanmar (Burma)","mm"
"9065349","Naypyidaw Union Territory","","Myanmar (Burma)","mm"
"9065350","Bago Region","","Myanmar (Burma)","mm"
"9065351","Sagaing Region","","Myanmar (Burma)","mm"
"9065352","Mandalay Region","","Myanmar (Burma)","mm"
"9065353","Yangon Region","","Myanmar (Burma)","mm"
"9067376","Kalunasan","Central Visayas","Philippines","ph"
"9067377","Indangan","Davao Region","Philippines","ph"
"9067701","Grevena","Ipiros Ditiki Makedonia","Greece","gr"
"9067702","Phocis","Decentralized Administration of Thessaly and Central Greece","Greece","gr"
"9067703","Chios","Decentralized Administration of the Aegean","Greece","gr"
"9067704","Kastoria","Decentralized Administration of Epirus and Western Macedonia","Greece","gr"
"9067705","Lasithi","Crete Region","Greece","gr"
"9067706","Halkidiki","Decentralized Administration of Macedonia and Thrace","Greece","gr"
"9067707","Arcadia","Decentralized Administration of Peloponnese, Western Greece and the Ionian","Greece","gr"
"9067708","Cephalonia","Decentralized Administration of Peloponnese, Western Greece and the Ionian","Greece","gr"
"9067709","Thesprotia","Decentralized Administration of Epirus and Western Macedonia","Greece","gr"
"9067710","Aspropyrgos","Decentralized Administration of Attica","Greece","gr"
"9067711","Elis","Decentralized Administration of Peloponnese, Western Greece and the Ionian","Greece","gr"
"9067712","Evros","Decentralized Administration of Macedonia and Thrace","Greece","gr"
"9067713","Serres","Decentralized Administration of Macedonia and Thrace","Greece","gr"
"9067714","Pella","Decentralized Administration of Macedonia and Thrace","Greece","gr"
"9067715","Corinthia","Decentralized Administration of Peloponnese, Western Greece and the Ionian","Greece","gr"
"9067716","Zakynthos","Zakynthos,Decentralized Administration of Peloponnese, Western Greece and the Ionian","Greece","gr"
"9067717","Argolis","Decentralized Administration of Peloponnese, Western Greece and the Ionian","Greece","gr"
"9067718","Agrinio","Decentralized Administration of Peloponnese, Western Greece and the Ionian","Greece","gr"
"9067719","Aetolia-Acarnania","Decentralized Administration of Peloponnese, Western Greece and the Ionian","Greece","gr"
"9067720","Xanthi","Decentralized Administration of Macedonia and Thrace","Greece","gr"
"9067721","Magnesia Prefecture","Decentralized Administration of Thessaly and Central Greece","Greece","gr"
"9067722","Larissa","Decentralized Administration of Thessaly and Central Greece","Greece","gr"
"9067723","Heraklion","Crete Region","Greece","gr"
"9067724","Rethymno","Crete Region","Greece","gr"
"9067725","Athens","Decentralized Administration of Attica","Greece","gr"
"9068565","Normandy","","France","fr"
"9068895","Bourgogne-Franche-Comte","","France","fr"
"9068896","Grand Est","","France","fr"
"9068897","Occitanie","","France","fr"
"9068898","Hauts-de-France","","France","fr"
"9069522","Nouvelle-Aquitaine","","France","fr"
"9069523","Flanders","","Belgium","be"
"9069524","Wallonia","","Belgium","be"
"9069525","Auvergne-Rhone-Alpes","","France","fr"
"9069535","New Territories","","Hong Kong","hk"
"9069536","Kowloon","","Hong Kong","hk"
"9069538","Decentralized Administration of Attica","","Greece","gr"
"9069539","Crete Region","","Greece","gr"
"9069571","Pavlodar Province","","Kazakhstan","kz"
"9069572","West Kazakhstan Province","","Kazakhstan","kz"
"9069573","Kyzylorda Province","","Kazakhstan","kz"
"9069574","Mogilev Region","","Belarus","by"
"9069575","Brest Region","","Belarus","by"
"9069576","Gomel Region","","Belarus","by"
"9069577","Vitebsk Region","","Belarus","by"
"9069578","Minsk Region","","Belarus","by"
"9069579","Hrodna Region","","Belarus","by"
"9069746","Ngabe-Bugle Comarca","","Panama","pa"
"9069748","Embera-Wounaan Comarca","","Panama","pa"
"9069811","Westfjords Region","","Iceland","is"
"9069812","Western Region","","Iceland","is"
"9069813","Eastern Region","","Iceland","is"
"9069814","Southern Peninsula Region","","Iceland","is"
"9069815","Capital Region","","Iceland","is"
"9069816","Northwestern Region","","Iceland","is"
"9069834","Eastern Region","","Ghana","gh"
"9069835","Western Region","","Ghana","gh"
"9069836","Ashanti Region","","Ghana","gh"
"9069837","Greater Accra Region","","Ghana","gh"
"9069838","Shida Kartli","","Georgia","ge"
"9069839","Guria","","Georgia","ge"
"9069840","Abkhazia","","Georgia","ge"
"9069841","Tbilisi","","Georgia","ge"
"9069842","Adjara","","Georgia","ge"
"9069843","Mtskheta-Mtianeti","","Georgia","ge"
"9069844","Imereti","","Georgia","ge"
"9069845","Samtskhe-Javakheti","","Georgia","ge"
"9069846","Samegrelo-Zemo Svaneti","","Georgia","ge"
"9069847","Racha-Lechkhumi and Lower Svaneti","","Georgia","ge"
"9069848","Kvemo Kartli","","Georgia","ge"
"9069849","Kakheti","","Georgia","ge"
"9069873","Hanover Parish","","Jamaica","jm"
"9069874","Portland Parish","","Jamaica","jm"
"9069875","Kingston Parish","","Jamaica","jm"
"9069876","Westmoreland Parish","","Jamaica","jm"
"9069877","Kilimanjaro Region","","Tanzania","tz"
"9069878","Manyara Region","","Tanzania","tz"
"9069879","Mbeya Region","","Tanzania","tz"
"9069880","Kigoma Region","","Tanzania","tz"
"9069881","Mara Region","","Tanzania","tz"
"9069882","Zanzibar Urban/West Region","","Tanzania","tz"
"9069883","Zanzibar Central/South Region","","Tanzania","tz"
"9069884","Singida Region","","Tanzania","tz"
"9069885","Dodoma Region","","Tanzania","tz"
"9069886","Tanga Region","","Tanzania","tz"
"9069887","Rukwa Region","","Tanzania","tz"
"9069888","Tabora Region","","Tanzania","tz"
"9069889","Iringa Region","","Tanzania","tz"
"9069890","Kagera Region","","Tanzania","tz"
"9069891","Mwanza Region","","Tanzania","tz"
"9069892","Shinyanga Region","","Tanzania","tz"
"9069893","Ruvuma Region","","Tanzania","tz"
"9069894","Morogoro Region","","Tanzania","tz"
"9069895","Pwani Region","","Tanzania","tz"
"9069912","Transnistria","","Moldova","md"
"9069924","Gagauzia","","Moldova","md"
"9069935","Grande-Terre","","Guadeloupe","gp"
"9069985","Central Region","","Uganda","ug"
"9069986","Western Region","","Uganda","ug"
"9069987","Northern Region","","Uganda","ug"
"9069988","Eastern Region","","Uganda","ug"
"9070005","South Caribbean Coast Autonomous Region","","Nicaragua","ni"
"9070010","North Caribbean Coast Autonomous Region","","Nicaragua","ni"
"9070016","Central Development Region","","Nepal","np"
"9070017","Mid-Western Development Region","","Nepal","np"
"9070018","Far-Western Development Region","","Nepal","np"
"9070019","Western Development Region","","Nepal","np"
"9070060","Ziguinchor","","Senegal","sn"
"9070061","Kaolack Region","","Senegal","sn"
"9070062","Kedougou Region","","Senegal","sn"
"9070063","Louga Region","","Senegal","sn"
"9070064","Kolda Region","","Senegal","sn"
"9070065","Thies Region","","Senegal","sn"
"9070066","Tambacounda Region","","Senegal","sn"
"9070067","Matam Region","","Senegal","sn"
"9070068","Fatick Region","","Senegal","sn"
"9070069","Kaffrine Region","","Senegal","sn"
"9070070","Sedhiou Region","","Senegal","sn"
"9070071","Saint-Louis Region","","Senegal","sn"
"9070072","West","","Cameroon","cm"
"9070073","Littoral","","Cameroon","cm"
"9070074","East","","Cameroon","cm"
"9070075","Centre","","Cameroon","cm"
"9070076","Southwest","","Cameroon","cm"
"9070077","Northwest","","Cameroon","cm"
"9070078","North","","Cameroon","cm"
"9070079","South","","Cameroon","cm"
"9070080","Khomas Region","","Namibia","na"
"9070081","Oshikoto Region","","Namibia","na"
"9070082","Otjozondjupa Region","","Namibia","na"
"9070083","Oshana Region","","Namibia","na"
"9070084","Zambezi Region","","Namibia","na"
"9070085","Omusati Region","","Namibia","na"
"9070086","Kavango Region","","Namibia","na"
"9070087","Hardap Region","","Namibia","na"
"9070088","Kunene Region","","Namibia","na"
"9070089","Karas Region","","Namibia","na"
"9070167","Smiths Parish","","Bermuda","bm"
"9070168","Pembroke Parish","","Bermuda","bm"
"9070169","Devonshire Parish","","Bermuda","bm"
"9070170","Sandys Parish","","Bermuda","bm"
"9070171","Paget Parish","","Bermuda","bm"
"9070172","Warwick Parish","","Bermuda","bm"
"9070173","Southampton Parish","","Bermuda","bm"
"9070174","St. George's Parish","","Bermuda","bm"
"9070237","Segou Region","","Mali","ml"
"9070238","Sikasso Region","","Mali","ml"
"9070239","Gao Region","","Mali","ml"
"9070240","Koulikoro Region","","Mali","ml"
"9070241","Tombouctou Region","","Mali","ml"
"9070242","Mopti Region","","Mali","ml"
"9070243","Kidal Region","","Mali","ml"
"9070246","Sud-Ouest Region","","Burkina Faso","bf"
"9070247","Centre Region","","Burkina Faso","bf"
"9070248","Boucle du Mouhoun Region","","Burkina Faso","bf"
"9070249","Hauts-Bassins Region","","Burkina Faso","bf"
"9070250","Cascades Region","","Burkina Faso","bf"
"9070251","Centre-Ouest Region","","Burkina Faso","bf"
"9070252","Nord Region","","Burkina Faso","bf"
"9070253","Sahel Region","","Burkina Faso","bf"
"9070254","Centre-Est Region","","Burkina Faso","bf"
"9070255","Est Region","","Burkina Faso","bf"
"9070260","Savanes Region","","Togo","tg"
"9070261","Centrale Region","","Togo","tg"
"9070262","Kara Region","","Togo","tg"
"9070263","Maritime Region","","Togo","tg"
"9070264","Plateaux Region","","Togo","tg"
"9070265","Shiselweni Region","","Eswatini","sz"
"9070266","Lubombo Region","","Eswatini","sz"
"9070267","Hhohho Region","","Eswatini","sz"
"9070268","Manzini","","Eswatini","sz"
"9070273","Dosso Region","","Niger","ne"
"9070274","Diffa Region","","Niger","ne"
"9070275","Maradi Region","","Niger","ne"
"9070276","Tillaberi Region","","Niger","ne"
"9070277","Tahoua Region","","Niger","ne"
"9070278","Agadez Region","","Niger","ne"
"9070279","Zinder Region","","Niger","ne"
"9070280","Oued Ed-Dahab-Lagouira","","Western Sahara","eh"
"9070365","Southern Region","","Iceland","is"
"9070366","Northeastern Region","","Iceland","is"
"9070367","Central","","Ghana","gh"
"9070368","Volta Region","","Ghana","gh"
"9070369","Northern Region","","Ghana","gh"
"9070370","Upper West Region","","Ghana","gh"
"9070371","Upper East Region","","Ghana","gh"
"9070372","Brong Ahafo Region","","Ghana","gh"
"9070373","Clarendon","","Jamaica","jm"
"9070374","Saint Thomas Parish","","Jamaica","jm"
"9070375","Saint Catherine Parish","","Jamaica","jm"
"9070376","Manchester Parish","","Jamaica","jm"
"9070377","Trelawny Parish","","Jamaica","jm"
"9070378","St. James Parish","","Jamaica","jm"
"9070379","St. Andrew Parish","","Jamaica","jm"
"9070380","St. Mary Parish","","Jamaica","jm"
"9070381","St. Ann Parish","","Jamaica","jm"
"9070382","Zanzibar North Region","","Tanzania","tz"
"9070383","Lindi Region","","Tanzania","tz"
"9070384","Mtwara Region","","Tanzania","tz"
"9070385","Arusha Region","","Tanzania","tz"
"9070386","Nakhchivan Autonomous Republic","","Azerbaijan","az"
"9070394","Basse-Terre","","Guadeloupe","gp"
"9070424","Dakar Region","","Senegal","sn"
"9070425","Diourbel Region","","Senegal","sn"
"9070426","Far North","","Cameroon","cm"
"9070427","Omaheke Region","","Namibia","na"
"9070428","Ohangwena Region","","Namibia","na"
"9070429","Erongo Region","","Namibia","na"
"9070438","Jalal-Abad Region","","Kyrgyzstan","kg"
"9070439","Batken Province","","Kyrgyzstan","kg"
"9070440","Chuy Province","","Kyrgyzstan","kg"
"9070441","Naryn Region","","Kyrgyzstan","kg"
"9070442","Issyk-Kul Region","","Kyrgyzstan","kg"
"9070443","Osh Region","","Kyrgyzstan","kg"
"9070448","Hamilton Parish","","Bermuda","bm"
"9070452","Bamako Capital District","","Mali","ml"
"9070453","Kayes Region","","Mali","ml"
"9070454","Niamey Urban Community","","Niger","ne"
"9070455","Guelmim-Es Semara","","Western Sahara","eh"
"9073177","Pearl Islands","","Panama","pa"
"9073451","San Francisco Bay Area","","United States","us"
"9073452","Silicon Valley","California","United States","us"
"9073536","Mymensingh Division","","Bangladesh","bd"
"9073768","Beni Mellal-Khenifra","","Morocco","ma"
"9073769","Casablanca-Settat","","Morocco","ma"
"9073770","Oriental","","Morocco","ma"
"9073771","Draa-Tafilalet","","Morocco","ma"
"9073772","Rabat-Sale-Kenitra","","Morocco","ma"
"9073773","Tangier-Tetouan-Al Hoceima","","Morocco","ma"
"9073774","Souss-Massa","","Morocco","ma"
"9073775","Marrakesh-Safi","","Morocco","ma"
"9073776","Fez-Meknes","","Morocco","ma"
"9073777","Guelmim-Oued Noun","","Morocco","ma"
"9075379","Canillo","","Andorra","ad"
"9075380","Encamp","","Andorra","ad"
"9075381","La Massana","","Andorra","ad"
"9075382","Ordino","","Andorra","ad"
"9075383","Escaldes-Engordany","","Andorra","ad"
"9075384","Andorra la Vella","","Andorra","ad"
"9075385","Sant Julia de Loria","","Andorra","ad"
"9075413","Saint Peter","","Antigua and Barbuda","ag"
"9075414","Saint Paul","","Antigua and Barbuda","ag"
"9075415","Saint George","","Antigua and Barbuda","ag"
"9075416","Saint Mary","","Antigua and Barbuda","ag"
"9075417","Saint Philip","","Antigua and Barbuda","ag"
"9075418","Saint John","","Antigua and Barbuda","ag"
"9075427","Centre-Sud Region","","Burkina Faso","bf"
"9075428","Plateau-Central Region","","Burkina Faso","bf"
"9075429","Centre-Nord Region","","Burkina Faso","bf"
"9075465","Adamawa","","Cameroon","cm"
"9075482","Arta","","Djibouti","dj"
"9075483","Djibouti","","Djibouti","dj"
"9075489","Central","","Eritrea","er"
"9075490","Southern Red Sea","","Eritrea","er"
"9075491","Tigray","","Ethiopia","et"
"9075492","Benishangul-Gumuz","","Ethiopia","et"
"9075493","Amhara","","Ethiopia","et"
"9075494","Southern Nations, Nationalities, and People's Region","","Ethiopia","et"
"9075495","Oromia","","Ethiopia","et"
"9075496","Afar","","Ethiopia","et"
"9075497","Somali","","Ethiopia","et"
"9075500","Central Ostrobothnia","","Finland","fi"
"9075501","Southwest Finland","","Finland","fi"
"9075502","Satakunta","","Finland","fi"
"9075503","Tavastia Proper","","Finland","fi"
"9075504","Ostrobothnia","","Finland","fi"
"9075505","Pirkanmaa","","Finland","fi"
"9075506","Uusimaa","","Finland","fi"
"9075507","Central Finland","","Finland","fi"
"9075508","Lapland","","Finland","fi"
"9075509","Northern Savonia","","Finland","fi"
"9075510","North Karelia","","Finland","fi"
"9075511","South Karelia","","Finland","fi"
"9075512","Southern Ostrobothnia","","Finland","fi"
"9075513","Kainuu","","Finland","fi"
"9075514","Northern Ostrobothnia","","Finland","fi"
"9075515","Kymenlaakso","","Finland","fi"
"9075516","Paijanne Tavastia","","Finland","fi"
"9075517","Southern Savonia","","Finland","fi"
"9075531","Carriacou and Petite Martinique","","Grenada","gd"
"9075532","Saint John","","Grenada","gd"
"9075533","Saint Mark","","Grenada","gd"
"9075534","Saint David","","Grenada","gd"
"9075535","Saint Andrew","","Grenada","gd"
"9075536","Saint Patrick","","Grenada","gd"
"9075537","Saint George","","Grenada","gd"
"9075540","St Martin","","Guernsey","gg"
"9075541","Torteval","","Guernsey","gg"
"9075542","Forest","","Guernsey","gg"
"9075543","St Sampson","","Guernsey","gg"
"9075544","St Pierre Du Bois","","Guernsey","gg"
"9075545","Saint Saviour","","Guernsey","gg"
"9075546","Vale","","Guernsey","gg"
"9075547","St Andrew","","Guernsey","gg"
"9075548","Castel","","Guernsey","gg"
"9075549","Conakry","","Guinea","gn"
"9075550","Labe","","Guinea","gn"
"9075551","Boke","","Guinea","gn"
"9075552","Kankan","","Guinea","gn"
"9075555","Decentralized Administration of the Aegean","","Greece","gr"
"9075556","Decentralized Administration of Peloponnese, Western Greece and the Ionian","","Greece","gr"
"9075557","Decentralized Administration of Macedonia and Thrace","","Greece","gr"
"9075558","Decentralized Administration of Epirus and Western Macedonia","","Greece","gr"
"9075559","Decentralized Administration of Thessaly and Central Greece","","Greece","gr"
"9075561","Bafata","","Guinea-Bissau","gw"
"9075562","Oio","","Guinea-Bissau","gw"
"9075563","Bissau","","Guinea-Bissau","gw"
"9075564","Gabu","","Guinea-Bissau","gw"
"9075565","Cacheu","","Guinea-Bissau","gw"
"9075566","Biombo","","Guinea-Bissau","gw"
"9075567","Cuyuni-Mazaruni","","Guyana","gy"
"9075568","East Berbice-Corentyne","","Guyana","gy"
"9075569","Upper Takutu-Upper Essequibo","","Guyana","gy"
"9075570","Upper Demerara-Berbice","","Guyana","gy"
"9075571","Demerara-Mahaica","","Guyana","gy"
"9075572","Essequibo Islands-West Demerara","","Guyana","gy"
"9075573","St. Ouen","","Jersey","je"
"9075574","St Lawrence","","Jersey","je"
"9075575","Grouville","","Jersey","je"
"9075576","St Brelade","","Jersey","je"
"9075577","St Mary","","Jersey","je"
"9075578","St John","","Jersey","je"
"9075579","St Clement","","Jersey","je"
"9075580","St. Peter","","Jersey","je"
"9075581","St Martin","","Jersey","je"
"9075582","Trinity","","Jersey","je"
"9075583","St. Elizabeth Parish","","Jamaica","jm"
"9075804","Hodh Ech Chargui","","Mauritania","mr"
"9075805","Adrar","","Mauritania","mr"
"9075806","Gorgol","","Mauritania","mr"
"9075807","Trarza","","Mauritania","mr"
"9075808","Guidimaka","","Mauritania","mr"
"9075809","Dakhlet Nouadhibou","","Mauritania","mr"
"9075810","Inchiri","","Mauritania","mr"
"9075812","Northern Region","","Malawi","mw"
"9075813","Central Region","","Malawi","mw"
"9075814","Southern Region","","Malawi","mw"
"9075818","Eastern Development Region","","Nepal","np"
"9075844","Lendava","","Slovenia","si"
"9075845","Gornja Radgona","","Slovenia","si"
"9075846","Sentjur","","Slovenia","si"
"9075847","Slovenske Konjice","","Slovenia","si"
"9075848","Zalec","","Slovenia","si"
"9075849","Domzale","","Slovenia","si"
"9075850","Metlika","","Slovenia","si"
"9075851","Crnomelj","","Slovenia","si"
"9075852","Jesenice","","Slovenia","si"
"9075853","Smarje pri Jelsah","","Slovenia","si"
"9075854","Ilirska Bistrica","","Slovenia","si"
"9075855","Postojna","","Slovenia","si"
"9075856","Grosuplje","","Slovenia","si"
"9075857","Sezana","","Slovenia","si"
"9075858","Piran","","Slovenia","si"
"9075859","Kamnik","","Slovenia","si"
"9075860","Ravne na Koroskem","","Slovenia","si"
"9075861","Vrhnika","","Slovenia","si"
"9075862","Murska Sobota","","Slovenia","si"
"9075863","Celje","","Slovenia","si"
"9075864","Dravograd","","Slovenia","si"
"9075865","Logatec","","Slovenia","si"
"9075866","Trebnje","","Slovenia","si"
"9075867","Lenart","","Slovenia","si"
"9075868","Sevnica","","Slovenia","si"
"9075869","Brezice","","Slovenia","si"
"9075870","Ptuj","","Slovenia","si"
"9075871","Kranj","","Slovenia","si"
"9075872","Trzic","","Slovenia","si"
"9075873","Litija","","Slovenia","si"
"9075874","Ljubljana","","Slovenia","si"
"9075875","Slovenska Bistrica","","Slovenia","si"
"9075876","Izola","","Slovenia","si"
"9075877","Krsko","","Slovenia","si"
"9075878","Ljutomer","","Slovenia","si"
"9075879","Radlje ob Dravi","","Slovenia","si"
"9075880","Ruse","","Slovenia","si"
"9075881","Ormoz","","Slovenia","si"
"9075882","Pesnica","","Slovenia","si"
"9075883","Tolmin","","Slovenia","si"
"9075884","Radovljica","","Slovenia","si"
"9075885","Lasko","","Slovenia","si"
"9075886","Slovenj Gradec","","Slovenia","si"
"9075887","Cerknica","","Slovenia","si"
"9075888","Zagorje ob Savi","","Slovenia","si"
"9075889","Velenje","","Slovenia","si"
"9075890","Nova Gorica","","Slovenia","si"
"9075891","Novo Mesto","","Slovenia","si"
"9075892","Mozirje","","Slovenia","si"
"9075893","Koper","","Slovenia","si"
"9075894","Idrija","","Slovenia","si"
"9075895","Western Area","","Sierra Leone","sl"
"9075907","Shabeellaha Hoose","","Somalia","so"
"9075908","Banaadir","","Somalia","so"
"9075909","Sanaag","","Somalia","so"
"9075910","Woqooyi Galbeed","","Somalia","so"
"9075911","Sool","","Somalia","so"
"9075912","Mudug","","Somalia","so"
"9075913","Lower Juba","","Somalia","so"
"9075914","Nugal","","Somalia","so"
"9075915","Togdheer","","Somalia","so"
"9075916","Awdal","","Somalia","so"
"9075917","Gedo","","Somalia","so"
"9075918","Bari","","Somalia","so"
"9075919","Bay","","Somalia","so"
"9075925","Chari-Baguirmi","","Chad","td"
"9075926","Hadjer-Lamis Region","","Chad","td"
"9075927","Borkou","","Chad","td"
"9075930","Ahal","","Turkmenistan","tm"
"9075931","Balkan","","Turkmenistan","tm"
"9075932","Ashgabat","","Turkmenistan","tm"
"9075933","Mary","","Turkmenistan","tm"
"9075934","Lebap","","Turkmenistan","tm"
"9075951","Penal/Debe Regional Corporation","","Trinidad and Tobago","tt"
"9075952","San Juan-Laventille Regional Corporation","","Trinidad and Tobago","tt"
"9075953","Mayaro Rio Claro Regional Corporation","","Trinidad and Tobago","tt"
"9075954","Couva-Tabaquite-Talparo Regional Corporation","","Trinidad and Tobago","tt"
"9075955","Eastern Tobago","","Trinidad and Tobago","tt"
"9075956","Diego Martin Regional Corporation","","Trinidad and Tobago","tt"
"9075957","Tunapuna/Piarco Regional Corporation","","Trinidad and Tobago","tt"
"9075958","Sangre Grande Regional Corporation","","Trinidad and Tobago","tt"
"9075959","Western Tobago","","Trinidad and Tobago","tt"
"9075960","Princes Town Regional Corporation","","Trinidad and Tobago","tt"
"9075961","Siparia Regional Corporation","","Trinidad and Tobago","tt"
"9075968","North Pemba Region","","Tanzania","tz"
"9075970","Bukhara Region","","Uzbekistan","uz"
"9075971","Jizzakh Region","","Uzbekistan","uz"
"9075972","Andijan region","","Uzbekistan","uz"
"9075973","Qashqadaryo Region","","Uzbekistan","uz"
"9075974","Xorazm Region","","Uzbekistan","uz"
"9075975","Republic of Karakalpakstan","","Uzbekistan","uz"
"9075976","Surxondaryo Region","","Uzbekistan","uz"
"9075977","Namangan Region","","Uzbekistan","uz"
"9075978","Navoiy Region","","Uzbekistan","uz"
"9075979","Sirdaryo Region","","Uzbekistan","uz"
"9075980","Samarqand Region","","Uzbekistan","uz"
"9075981","Tashkent Region","","Uzbekistan","uz"
"9075982","Fergana Region","","Uzbekistan","uz"
"9075983","Grenadines","","Saint Vincent and the Grenadines","vc"
"9075984","St. Patrick","","Saint Vincent and the Grenadines","vc"
"9075985","Charlotte","","Saint Vincent and the Grenadines","vc"
"9075986","St. Andrew","","Saint Vincent and the Grenadines","vc"
"9075987","St. George","","Saint Vincent and the Grenadines","vc"
